curriculum_order,tier,name,n_tokens,difficulty,combined_research,compression_ratio,lexical_diversity_mtld,flesch_reading_ease,compression_ratio_norm,lexical_diversity_norm,flesch_difficulty_norm,familiarity_norm,complexity_norm,avg_rarity,fragmentation,rare_ratio,struct_avg_sentence_length,struct_clause_density,struct_max_sentence_length,struct_n_sentences,struct_sentence_cv,struct_subordination
,,Webster - Unabridged Dictionary 1913,,,0.1846,2.9969,58.0205,72.7042,0.1235,0.2577,0.2340,,,,,,,,,,,
15,1,José Raúl Capablanca - Chess Fundamentals,59806,0.0837,0.1922,3.6041,27.7795,85.2760,0.3667,0.0141,0.0214,0.0559,0.1043,0.0585,1.2721,0.0055,14.4680,0.1861,123,3235,0.9760,0.1138
,,Greek Anthology Vol 1,,,0.2078,2.6886,76.4983,61.4309,0.0000,0.4065,0.4245,,,,,,,,,,,
165,4,Shakespeare - The Tempest,44545,0.2914,0.2705,3.4138,88.2122,86.5444,0.2905,0.5009,0.0000,0.3608,0.1991,0.0769,1.7051,0.0128,10.5180,0.4655,125,2477,1.3021,0.0735
135,4,A.A. Milne - Winnie-the-Pooh,39096,0.1884,0.2745,3.7196,54.8226,84.1593,0.4130,0.2319,0.0403,0.2315,0.1320,0.0700,1.5221,0.0078,17.8387,0.0751,183,1438,1.0535,0.0626
111,3,Mark Twain - Adventures of Huckleberry Finn,159385,0.1623,0.2812,3.6644,64.0234,84.3535,0.3909,0.3060,0.0370,0.1362,0.1847,0.0548,1.4110,0.0051,24.3182,0.6435,265,4645,0.9171,0.2280
,,Rudyard Kipling - Just So Stories,,,0.2909,3.6470,58.7795,78.7239,0.3839,0.2638,0.1322,,,,,,,,,,,
,,Lewis Carroll - Through the Looking-Glass,,,0.3163,3.7145,77.7055,84.9418,0.4109,0.4162,0.0271,,,,,,,,,,,
175,4,Confucius - The Analects,68339,0.7113,0.3173,3.8300,56.5509,80.0904,0.4572,0.2458,0.1091,1.0000,0.1095,0.2466,2.0596,0.1787,12.4972,0.1266,133,2655,1.0696,0.0328
,,English Words with Latin and Greek Roots,,,0.3233,3.8875,57.8828,82.0330,0.4802,0.2566,0.0763,,,,,,,,,,,
,,E. Nesbit - The Railway Children,,,0.3308,3.7610,77.1258,83.4248,0.4295,0.4116,0.0527,,,,,,,,,,,
144,4,Shakespeare - Hamlet,52285,0.2163,0.3368,3.7458,84.2001,84.6564,0.4235,0.4685,0.0319,0.2474,0.1800,0.0839,1.5066,0.0121,9.3112,0.1715,116,3727,1.3418,0.0483
,,George MacDonald - At the Back of the North Wind,,,0.3390,3.9337,69.0449,85.8342,0.4987,0.3465,0.0120,,,,,,,,,,,
,,Lewis Carroll - Alice in Wonderland,,,0.3407,3.8060,73.5017,81.4851,0.4476,0.3824,0.0855,,,,,,,,,,,
143,4,Shakespeare - Othello,45910,0.2140,0.3415,3.7508,81.0116,82.2760,0.4255,0.4429,0.0722,0.2479,0.1737,0.0886,1.4947,0.0126,8.0107,0.1215,106,3834,1.3571,0.0462
149,4,Shakespeare - King Lear,46742,0.2281,0.3426,3.6965,93.8843,85.5777,0.4037,0.5465,0.0163,0.2679,0.1796,0.0835,1.5391,0.0129,8.7494,0.2682,122,3471,1.3326,0.0294
,,Carlo Collodi - Pinocchio,,,0.3528,3.8465,76.7958,82.1223,0.4638,0.4089,0.0747,,,,,,,,,,,
,,Frances Hodgson Burnett - The Secret Garden,,,0.3544,3.9162,75.8221,84.5897,0.4917,0.4011,0.0330,,,,,,,,,,,
,,Rudyard Kipling - The Jungle Book,,,0.3559,3.8032,81.2955,81.4786,0.4464,0.4451,0.0856,,,,,,,,,,,
140,4,Snorri Sturluson — - The Prose Edda Poetic Edda,131764,0.2000,0.3584,3.7297,88.2710,80.7383,0.4170,0.5013,0.0981,0.2445,0.1423,0.0806,1.5144,0.0091,13.0057,0.3048,244,6690,1.1227,0.0380
160,4,Aristophanes - The Frogs,26159,0.2618,0.3606,3.8709,83.6664,84.7139,0.4736,0.4642,0.0309,0.2801,0.2422,0.0864,1.5563,0.0097,8.3162,0.1153,234,2021,1.5728,0.0673
155,4,Shakespeare - Macbeth,32469,0.2406,0.3629,3.7561,94.8724,84.0576,0.4276,0.5545,0.0420,0.2851,0.1858,0.0914,1.5411,0.0170,9.6954,0.2881,102,2173,1.3107,0.0916
151,4,Pliny the Elder - Natural History (selections),360901,0.2348,0.3678,3.7062,55.9006,61.9730,0.4076,0.2406,0.4153,0.3133,0.1100,0.0894,1.5969,0.0133,16.3740,0.1979,271,13802,0.9706,0.0771
,,R.L. Stevenson - Kidnapped,,,0.3759,3.8455,83.4014,79.7616,0.4634,0.4621,0.1147,,,,,,,,,,,
,,R.L. Stevenson - Treasure Island,,,0.3810,3.8415,88.6354,80.8450,0.4618,0.5043,0.0963,,,,,,,,,,,
,,L. Frank Baum - The Wonderful Wizard of Oz,,,0.3829,3.9544,76.7881,80.1124,0.5070,0.4088,0.1087,,,,,,,,,,,
70,2,Julian of Norwich - Revelations of Divine Love,85273,0.1213,0.3849,4.1168,49.0498,74.1277,0.5721,0.1854,0.2099,0.1010,0.1387,0.0657,1.3225,0.0082,26.0157,0.5791,225,2478,0.7903,0.1114
89,3,John Bunyan - The Pilgrim's Progress,80038,0.1348,0.3865,4.0375,69.3345,79.6523,0.5403,0.3488,0.1165,0.0847,0.1707,0.0590,1.3145,0.0072,18.8265,0.5195,143,3234,1.0532,0.0618
,,Frances Hodgson Burnett - A Little Princess,,,0.3896,3.9639,78.3536,79.7315,0.5108,0.4214,0.1152,,,,,,,,,,,
126,3,Oscar Wilde - The Importance of Being Earnest,34653,0.1790,0.3927,3.9186,74.5047,75.0077,0.4927,0.3904,0.1950,0.2372,0.0885,0.0898,1.4672,0.0175,7.5441,0.0260,102,3117,1.1159,0.0205
84,2,Brothers Grimm - Grimm's Fairy Tales,132164,0.1335,0.3933,4.0645,69.7062,79.5010,0.5511,0.3518,0.1191,0.0490,0.1824,0.0534,1.2739,0.0053,35.4452,0.6795,253,2927,0.7750,0.0198
,,J.M. Barrie - Peter Pan,,,0.3940,3.9225,87.7197,81.1869,0.4942,0.4969,0.0906,,,,,,,,,,,
120,3,Book of Songs (Shijing),65398,0.1706,0.3942,4.0234,55.2919,70.4662,0.5346,0.2357,0.2718,0.2223,0.0936,0.0965,1.4265,0.0175,16.9907,0.2175,102,2694,0.8084,0.3541
24,1,Gertrude Stein - Tender Buttons,22524,0.0910,0.3969,4.3644,26.0334,72.0478,0.6712,0.0000,0.2450,0.0890,0.0930,0.0817,1.2607,0.0098,15.9785,0.0429,172,1118,0.9751,0.0322
,,Rudyard Kipling - Kim,,,0.4009,3.7648,106.3226,80.9437,0.4311,0.6467,0.0947,,,,,,,,,,,
,,George MacDonald - The Princess and the Goblin,,,0.4024,4.0878,75.7296,81.3147,0.5604,0.4003,0.0884,,,,,,,,,,,
158,4,Geoffrey Chaucer - The Canterbury Tales (Middle English),397895,0.2492,0.4033,3.7072,90.3619,70.0266,0.4080,0.5182,0.2792,0.2082,0.2843,0.0743,1.4701,0.0103,32.6790,0.8880,383,8280,1.0670,0.1430
138,4,Aristophanes - The Birds,34161,0.1989,0.4109,3.9371,76.4102,72.4909,0.5001,0.4058,0.2376,0.2264,0.1669,0.0872,1.4673,0.0102,14.1865,0.1517,137,1641,1.0412,0.5789
39,1,Aesop - Aesop's Fables,53291,0.1016,0.4137,4.0537,67.6383,73.1775,0.5468,0.3351,0.2259,0.0951,0.1077,0.0708,1.2996,0.0085,32.0853,0.3419,179,1278,0.6669,0.0329
,,L.M. Montgomery - Anne of Green Gables,,,0.4143,3.9165,93.5805,78.8797,0.4918,0.5441,0.1296,,,,,,,,,,,
40,1,James Joyce - Dubliners,96167,0.1021,0.4145,4.0372,77.3029,76.7982,0.5402,0.4130,0.1647,0.1408,0.0320,0.0730,1.3655,0.0100,17.4518,0.1651,123,4033,0.7118,0.0481
74,2,Dhammapada,19801,0.1234,0.4168,4.2534,48.1725,72.6185,0.6268,0.1783,0.2354,0.1216,0.1252,0.0758,1.3268,0.0105,14.1575,0.1907,102,1054,1.0024,0.2543
106,3,Aristotle - Historia Animalium,186401,0.1548,0.4174,4.1016,52.2280,67.2093,0.5660,0.2110,0.3268,0.1819,0.1217,0.0875,1.3854,0.0166,19.3108,0.4102,139,6967,0.9165,0.0422
,,Jack London - White Fang,,,0.4181,4.1197,69.6642,76.2305,0.5732,0.3515,0.1743,,,,,,,,,,,
,,Anna Sewell - Black Beauty,,,0.4196,4.0290,83.0889,77.9568,0.5369,0.4596,0.1452,,,,,,,,,,,
,,Rubaiyat of Omar Khayyam,,,0.4201,3.6441,110.9135,72.8684,0.3827,0.6837,0.2312,,,,,,,,,,,
,,Kenneth Grahame - Wind in the Willows,,,0.4248,3.9296,89.7523,75.1902,0.4971,0.5133,0.1919,,,,,,,,,,,
0,1,Gertrude Stein - Three Lives,107345,0.0454,0.4267,4.3415,52.1543,76.3564,0.6620,0.2104,0.1722,0.0041,0.0640,0.0524,1.2067,0.0037,20.5672,0.0092,179,4325,0.8155,0.0083
21,1,Fyodor Dostoevsky - The Brothers Karamazov,470571,0.0892,0.4268,4.1133,72.0193,74.9879,0.5706,0.3704,0.1953,0.1096,0.0625,0.0635,1.3443,0.0065,17.1631,0.1383,209,20365,0.8134,0.0814
86,2,Dorothy Wordsworth - Journals Vol. 1,118296,0.1338,0.4278,4.0233,87.2255,77.7223,0.5346,0.4929,0.1491,0.1551,0.1085,0.0739,1.3873,0.0092,15.3877,0.1704,143,5533,1.0080,0.0228
133,4,John Keats - Letters,199762,0.1876,0.4299,3.8925,90.3595,72.5234,0.4822,0.5182,0.2370,0.1886,0.1866,0.0768,1.4302,0.0117,22.6945,0.2366,660,6154,1.1079,0.0640
67,2,Charles Dickens - A Christmas Carol,43157,0.1188,0.4301,4.0972,80.0353,77.2532,0.5642,0.4350,0.1571,0.1396,0.0935,0.0710,1.3726,0.0073,19.3364,0.2804,135,1626,0.8550,0.0431
36,1,Sir Gawain and the Green Knight (Middle English),24219,0.1009,0.4331,4.0835,77.2306,74.5670,0.5587,0.4124,0.2025,0.0795,0.1184,0.0729,1.2712,0.0073,34.3881,0.3466,170,554,0.6532,0.0560
110,3,Friedrich Nietzsche - Thus Spoke Zarathustra,151284,0.1573,0.4354,4.1589,66.8250,72.6409,0.5889,0.3286,0.2350,0.1627,0.1516,0.0769,1.3906,0.0102,16.9466,0.7141,196,6419,0.8830,0.3359
30,1,Fyodor Dostoevsky - Crime and Punishment,280008,0.0945,0.4362,4.1040,77.8545,75.1052,0.5669,0.4174,0.1934,0.1220,0.0545,0.0638,1.3618,0.0076,15.5874,0.0976,265,13191,0.8428,0.0264
115,3,La Rochefoucauld - Maxims,44009,0.1668,0.4371,4.0229,78.0813,71.1522,0.5344,0.4193,0.2602,0.2136,0.0998,0.0761,1.4729,0.0113,16.5799,0.1065,139,1802,0.9280,0.1620
53,2,Epictetus - The Discourses,77967,0.1094,0.4390,4.3435,49.1485,72.0995,0.6628,0.1862,0.2442,0.0217,0.1532,0.0552,1.2238,0.0064,20.5434,0.3792,229,3101,0.9204,0.3018
130,3,Ovid - Metamorphoses,181677,0.1839,0.4393,4.0384,71.6814,68.3191,0.5406,0.3677,0.3081,0.2201,0.1385,0.0843,1.4631,0.0110,24.0642,0.5493,245,5159,0.8485,0.0593
172,4,Blaise Pascal - Pensées,135059,0.3358,0.4406,4.2750,54.3676,70.9765,0.6354,0.2282,0.2632,0.0958,0.4651,0.0664,1.3137,0.0074,18.9221,0.3614,2489,5429,2.0676,0.0519
6,1,Cather - O Pioneers,77196,0.0777,0.4457,4.1104,90.6751,79.2719,0.5695,0.5207,0.1229,0.1097,0.0053,0.0713,1.3234,0.0075,16.3249,0.0957,102,3573,0.6630,0.0409
174,4,Behn - Oroonoko (Works Vol V),202031,0.3461,0.4460,3.7237,79.6185,55.5865,0.4146,0.4316,0.5233,0.2368,0.4283,0.0813,1.4921,0.0147,44.7929,1.0728,926,3022,1.1588,0.5215
47,2,Henry James - The Turn of the Screw,59858,0.1052,0.4484,4.1436,79.8540,75.0305,0.5828,0.4335,0.1946,0.0856,0.1217,0.0556,1.3258,0.0062,23.2597,0.5497,125,1941,0.7080,0.3560
26,1,Hermann Hesse - Siddhartha,55101,0.0915,0.4519,4.2553,53.2258,66.8023,0.6275,0.2190,0.3337,0.0919,0.0910,0.0652,1.3111,0.0069,24.7055,0.1881,273,1701,0.7723,0.0541
82,2,F. Scott Fitzgerald - The Great Gatsby,73277,0.1321,0.4521,3.9562,98.9026,74.3639,0.5077,0.5870,0.2059,0.1801,0.0496,0.0722,1.4341,0.0078,18.6310,0.2120,102,2740,0.6968,0.1704
,,Jack London - Call of the Wild,,,0.4522,4.0933,83.7981,73.6294,0.5626,0.4653,0.2183,,,,,,,,,,,
3,1,Franz Kafka - The Trial,112049,0.0621,0.4524,4.1830,78.5894,75.3511,0.5986,0.4233,0.1892,0.0599,0.0643,0.0528,1.2925,0.0056,21.8799,0.0348,151,3962,0.7862,0.0106
176,4,Laurence Sterne - The Life and Opinions of Tristram Shandy,279108,0.7239,0.4541,3.8849,78.8795,60.9572,0.4792,0.4257,0.4325,0.2190,1.0000,0.0640,1.5182,0.0069,46.9957,4.1774,555,3911,1.1582,3.7492
121,3,Molière - Tartuffe,29749,0.1716,0.4545,4.1196,89.6025,77.0925,0.5732,0.5121,0.1598,0.2026,0.1335,0.0827,1.4301,0.0169,14.7569,0.2773,191,1403,1.0094,0.2195
85,2,Arthur Waley - A Hundred and Seventy Chinese Poems,41720,0.1337,0.4566,4.2429,82.6631,79.1471,0.6226,0.4562,0.1250,0.1867,0.0301,0.0885,1.3944,0.0141,16.9315,0.3339,102,1767,0.6347,0.1613
,,Basho - Narrow Road to the Deep North,,,0.4566,4.1897,73.9135,72.4511,0.6013,0.3857,0.2382,,,,,,,,,,,
141,4,1001 Nights (selected),350803,0.2049,0.4580,4.0946,61.1085,61.5212,0.5631,0.2825,0.4230,0.1385,0.2545,0.0714,1.3661,0.0099,34.6917,0.8483,313,7402,0.9387,0.1568
167,4,Juvenal - Satires,376837,0.3056,0.4605,3.5644,145.5090,76.0152,0.3508,0.9624,0.1780,0.4055,0.1495,0.0996,1.7141,0.0170,16.3953,0.2711,172,13381,1.0720,0.1087
95,3,Laozi - Tao Te Ching,17416,0.1416,0.4617,4.4373,50.7500,71.9406,0.7004,0.1991,0.2469,0.0903,0.1787,0.0706,1.2850,0.0136,14.5252,0.3001,102,933,0.9995,0.6924
146,4,Bhagavad Gita,34185,0.2225,0.4623,4.0072,92.7498,71.4245,0.5282,0.5374,0.2556,0.2794,0.1449,0.0902,1.5372,0.0153,17.8321,0.4088,230,1245,1.0201,0.0402
170,4,Elias Lönnrot (compiled) - Kalevala,194365,0.3212,0.4643,3.9821,55.1161,51.8268,0.5181,0.2343,0.5869,0.2766,0.3603,0.1063,1.4914,0.0161,46.6432,1.0344,433,2794,1.0696,0.0465
131,3,Isaac Newton - Opticks,140656,0.1844,0.4644,4.1077,46.3465,53.5822,0.5684,0.1636,0.5572,0.1663,0.2008,0.0877,1.3654,0.0129,36.8954,0.3234,347,2792,0.8630,0.1297
112,3,Emily Dickinson - Complete Poems,47140,0.1632,0.4657,3.9876,107.3106,76.6366,0.5203,0.6547,0.1675,0.2094,0.0971,0.0918,1.4237,0.0133,13.9515,0.2381,112,2373,0.9804,0.0169
9,1,Willa Cather - My Ántonia,108514,0.0814,0.4660,4.0660,102.5916,78.0201,0.5517,0.6167,0.1441,0.1149,0.0055,0.0718,1.3299,0.0080,17.6184,0.1425,123,4631,0.6261,0.0510
48,2,Fyodor Dostoevsky - Demons (The Possessed),352288,0.1057,0.4664,4.1228,82.8532,71.2283,0.5745,0.4577,0.2589,0.1354,0.0635,0.0675,1.3739,0.0078,18.3775,0.1286,224,13952,0.8120,0.0393
22,1,Fyodor Dostoevsky - Notes from Underground,60721,0.0900,0.4666,4.2554,67.9098,70.3346,0.6276,0.3373,0.2740,0.0771,0.1013,0.0628,1.2920,0.0078,18.8908,0.2345,185,2482,0.8685,0.1378
,,Charles Kingsley - The Water-Babies,,,0.4671,4.1460,73.7679,67.8159,0.5837,0.3845,0.3166,,,,,,,,,,,
23,1,Leo Tolstoy - Anna Karenina,472604,0.0909,0.4676,4.2004,75.3264,71.0229,0.6055,0.3971,0.2624,0.1083,0.0692,0.0640,1.3402,0.0071,20.4935,0.1800,205,17198,0.7686,0.0757
124,3,Virginia Woolf - Mrs Dalloway,91717,0.1777,0.4700,4.1302,83.9042,71.2298,0.5774,0.4662,0.2589,0.1497,0.2019,0.0736,1.3815,0.0080,17.8513,0.4075,196,3718,1.1668,0.1657
168,4,Walt Whitman - Leaves of Grass (1855 edition),181192,0.3109,0.4715,4.1561,54.1910,57.9381,0.5878,0.2268,0.4836,0.2193,0.3811,0.0861,1.4573,0.0111,32.9960,0.1237,1059,3768,1.5326,0.2633
122,3,Florence Ayscough - Fir-Flower Tablets,33117,0.1740,0.4715,4.2376,82.8793,75.4650,0.6204,0.4579,0.1873,0.2460,0.0067,0.1008,1.4536,0.0178,15.3989,0.1149,102,1479,0.6761,0.0500
66,2,Joseph Conrad - Heart of Darkness,55026,0.1178,0.4772,4.1714,86.8273,72.8694,0.5939,0.4897,0.2312,0.1316,0.1021,0.0750,1.3482,0.0084,17.0401,0.3737,102,2395,0.8181,0.2902
118,3,Charlotte Brontë - Jane Eyre,255739,0.1702,0.4781,4.0864,95.1368,72.5820,0.5599,0.5566,0.2360,0.1288,0.2033,0.0690,1.3582,0.0087,23.9959,1.0616,234,7847,0.8548,0.3025
28,1,Fyodor Dostoevsky - The Idiot,326075,0.0925,0.4791,4.2050,84.8078,73.0340,0.6074,0.4734,0.2284,0.0976,0.0870,0.0596,1.3340,0.0071,18.4768,0.3873,135,13229,0.7620,0.2231
55,2,R.L. Stevenson - Strange Case of Dr Jekyll and Mr Hyde,37616,0.1103,0.4799,4.1762,81.0645,69.7058,0.5958,0.4433,0.2846,0.1022,0.1179,0.0677,1.3205,0.0074,22.9710,0.5298,102,1240,0.7780,0.1379
157,4,D'Arcy Wentworth Thompson - On Growth and Form (1917),414012,0.2488,0.4832,3.9808,66.9882,52.9636,0.5176,0.3299,0.5676,0.2603,0.2366,0.0902,1.5086,0.0141,24.5986,0.3880,404,11155,1.0693,0.4630
37,1,Arthur Waley - More Translations from the Chinese,34000,0.1014,0.4839,4.2641,90.7644,77.5586,0.6311,0.5214,0.1519,0.1386,0.0368,0.0805,1.3408,0.0115,18.2872,0.3117,118,1386,0.6776,0.0447
60,2,Cao Xueqin - Dream of the Red Chamber (Vol. 2),361600,0.1160,0.4858,4.0406,108.8768,75.1413,0.5415,0.6673,0.1928,0.1364,0.0913,0.0677,1.3777,0.0059,23.4342,0.2388,478,11200,0.7847,0.0487
8,1,Frederick Douglass - Narrative of the Life of Frederick Douglass,49922,0.0803,0.4865,4.3254,68.7038,69.3179,0.6556,0.3437,0.2912,0.0760,0.0844,0.0688,1.2767,0.0068,19.0063,0.2703,217,2057,0.8089,0.1162
19,1,Jewett - The Country of the Pointed Firs,60378,0.0882,0.4874,4.0496,107.9292,74.7293,0.5452,0.6597,0.1997,0.1129,0.0532,0.0654,1.3454,0.0061,21.1181,0.2052,102,2125,0.7178,0.0179
96,3,Voltaire - Candide,51118,0.1425,0.4923,4.1395,84.3841,66.6065,0.5811,0.4700,0.3370,0.1544,0.1296,0.0774,1.3770,0.0095,23.4054,0.3733,188,1586,0.8789,0.0467
20,1,Chopin - The Awakening,88875,0.0891,0.4942,4.2554,86.8839,72.8588,0.6276,0.4902,0.2313,0.1242,0.0215,0.0775,1.3293,0.0088,16.2667,0.1954,102,4110,0.6818,0.0735
4,1,Luo Guanzhong - Romance of the Three Kingdoms,363413,0.0653,0.4952,4.3114,93.1853,78.2629,0.6500,0.5409,0.1400,0.0921,0.0059,0.0816,1.2664,0.0096,19.2766,0.0961,133,14887,0.6213,0.0171
154,4,Thomas Hobbes - Leviathan (selections),299346,0.2402,0.4959,4.0965,55.4124,49.9221,0.5639,0.2367,0.6191,0.1847,0.2852,0.0879,1.3877,0.0173,37.9908,1.1122,356,5678,0.8078,0.4826
35,1,Michael Faraday - The Chemical History of a Candle (1861),54446,0.1008,0.4969,4.3784,60.4359,65.4303,0.6768,0.2771,0.3569,0.0477,0.1343,0.0685,1.2323,0.0066,26.3830,0.5153,147,1671,0.7271,0.2855
25,1,Thomas à Kempis - The Imitation of Christ,80220,0.0913,0.5016,4.4301,66.0665,69.4693,0.6976,0.3225,0.2886,0.0610,0.1139,0.0713,1.2443,0.0082,20.1337,0.1883,228,3202,0.8654,0.2411
,,H.G. Wells - The Time Machine,,,0.5017,4.2586,84.5390,70.1164,0.6289,0.4713,0.2777,,,,,,,,,,,
34,1,Leo Tolstoy - War and Peace,748547,0.1002,0.5018,4.3200,77.8681,69.8165,0.6535,0.4175,0.2828,0.1162,0.0811,0.0743,1.3239,0.0092,20.7354,0.1558,307,27266,0.7930,0.1267
27,1,Theodore Parker - Speeches and Sermons Vol. 1,140357,0.0921,0.5032,4.3380,71.3424,67.2290,0.6607,0.3650,0.3265,0.0877,0.0964,0.0743,1.2786,0.0088,21.5439,0.3914,303,5095,0.8082,0.0130
161,4,Alexander von Humboldt - Views of Nature,265511,0.2653,0.5046,4.0257,70.4328,51.6608,0.5356,0.3576,0.5897,0.3073,0.2154,0.1008,1.5552,0.0156,22.4315,0.3802,238,7611,1.0700,0.3696
104,3,Augustine - Confessions,143634,0.1525,0.5053,4.3255,62.0784,61.7251,0.6557,0.2903,0.4195,0.0496,0.2099,0.0618,1.2521,0.0065,31.6264,0.6383,799,3627,0.9051,0.1334
44,1,Ralph Waldo Emerson - Self-Reliance Experience,105530,0.1034,0.5089,4.2942,73.7916,64.9630,0.6431,0.3847,0.3648,0.1254,0.0751,0.0795,1.3245,0.0100,20.5645,0.3529,146,3874,0.7618,0.0217
52,2,Oscar Wilde - De Profundis,25297,0.1074,0.5095,4.4255,64.5982,66.6611,0.6957,0.3106,0.3361,0.0419,0.1460,0.0659,1.2266,0.0085,24.2329,0.1753,218,850,0.9685,0.0447
127,3,Antoine Lavoisier - Elements of Chemistry,154683,0.1809,0.5120,4.2862,49.2428,52.1546,0.6399,0.1870,0.5813,0.1931,0.1679,0.0948,1.3934,0.0110,22.3487,0.2714,199,4967,1.0447,0.0604
64,2,Arthur Waley - The Poet Li Po,11494,0.1172,0.5121,4.3729,82.2712,71.9862,0.6746,0.4530,0.2461,0.1501,0.0703,0.0890,1.3353,0.0133,17.0079,0.1877,102,506,0.8117,0.1344
83,2,John Henry Newman - Apologia Pro Vita Sua,174008,0.1322,0.5159,4.2724,70.2529,60.5990,0.6344,0.3562,0.4386,0.0809,0.1685,0.0653,1.2912,0.0081,27.2985,0.4101,324,4935,0.9202,0.0762
12,1,Margery Williams - The Velveteen Rabbit,8722,0.0827,0.5159,4.5033,64.4239,68.7511,0.7269,0.3092,0.3008,0.0983,0.0634,0.0781,1.2824,0.0114,21.5190,0.0538,102,316,0.7504,0.1139
63,2,Aristotle - Poetics,24151,0.1169,0.5166,4.2656,57.8343,54.1816,0.6317,0.2562,0.5471,0.1498,0.0701,0.0813,1.3615,0.0085,24.4311,0.3237,131,726,0.6575,0.1033
71,2,Marcus Aurelius - Meditations,87257,0.1217,0.5175,4.4111,68.3972,65.8942,0.6899,0.3412,0.3491,0.0576,0.1621,0.0631,1.2598,0.0078,21.5036,0.4061,206,3221,0.9809,0.1382
62,2,Homer - The Odyssey,162293,0.1169,0.5178,4.1995,94.0338,68.0340,0.6052,0.5478,0.3129,0.0600,0.1540,0.0671,1.2536,0.0077,35.7904,0.4341,246,3617,0.6967,0.1393
100,3,Plato - Apology Phaedo Republic Symposium Meno Gorgias Theaetetus,147278,0.1445,0.5180,4.4879,62.6538,66.6838,0.7207,0.2950,0.3357,0.0212,0.2032,0.0583,1.2153,0.0065,22.2852,0.4432,346,5438,1.0996,0.1208
136,4,Herman Melville - Moby-Dick,304265,0.1889,0.5182,4.0618,104.3407,66.3198,0.5500,0.6308,0.3419,0.1917,0.1861,0.0852,1.4154,0.0108,23.9116,0.6784,394,8990,0.9149,0.2432
51,2,Pu Songling - Strange Stories from a Chinese Studio,280136,0.1066,0.5187,4.2132,94.9675,68.9099,0.6107,0.5553,0.2981,0.0981,0.1145,0.0692,1.3098,0.0077,25.3950,0.3852,265,8422,0.7941,0.0373
80,2,Emily Brontë - Wuthering Heights,163049,0.1294,0.5210,4.0807,117.1045,72.6245,0.5576,0.7336,0.2353,0.1378,0.1203,0.0695,1.3719,0.0083,20.6579,0.6555,130,5753,0.7954,0.1371
101,3,Shakespeare - Sonnets,27235,0.1462,0.5227,4.2097,97.3361,68.9136,0.6092,0.5744,0.2980,0.1178,0.1699,0.0754,1.3235,0.0093,30.4830,0.7259,224,675,0.7962,0.0578
99,3,Friedrich Nietzsche - Ecce Homo,65840,0.1439,0.5236,4.2615,77.9630,61.9334,0.6300,0.4183,0.4160,0.1642,0.1202,0.0770,1.3916,0.0110,24.1862,0.3355,210,1955,0.8311,0.0834
108,3,Vernon Lee - Hauntings,80320,0.1552,0.5275,4.1853,91.9081,64.0286,0.5995,0.5306,0.3806,0.1543,0.1562,0.0817,1.3647,0.0105,23.9813,0.4747,170,2454,0.8699,0.2302
166,4,Robert Hooke - Micrographia,221542,0.2969,0.5290,4.0230,60.2400,40.8991,0.5345,0.2755,0.7716,0.1730,0.3826,0.0762,1.4047,0.0130,54.0840,0.7387,491,2916,1.0067,0.2874
93,3,Jonathan Edwards - Selected Sermons,69453,0.1408,0.5291,4.5523,51.4583,61.7790,0.7465,0.2048,0.4186,0.0258,0.1975,0.0628,1.2116,0.0064,28.7622,0.5103,363,1993,0.9723,0.0552
119,3,Cao Xueqin - Dream of the Red Chamber (Vol. 1),250220,0.1704,0.5313,4.1726,94.8152,63.9190,0.5944,0.5540,0.3825,0.1157,0.2114,0.0706,1.3360,0.0068,36.0233,0.5551,271,5199,0.8447,0.1614
78,2,Wharton - The Age of Innocence,143904,0.1268,0.5320,4.1473,106.0486,67.9060,0.5843,0.6445,0.3151,0.1519,0.0953,0.0753,1.3800,0.0085,22.0074,0.3326,148,4736,0.7940,0.0648
59,2,Sei Shōnagon - The Pillow Book,40371,0.1146,0.5352,4.2582,97.7322,68.4592,0.6287,0.5775,0.3057,0.1143,0.1148,0.0719,1.3264,0.0095,22.8096,0.3891,236,1334,0.7340,0.3538
125,3,Thomas Huxley - Man's Place in Nature,28265,0.1782,0.5364,4.1754,79.0415,55.3378,0.5955,0.4270,0.5275,0.1877,0.1681,0.0833,1.4093,0.0138,27.8915,0.3588,272,719,0.8838,0.1892
98,3,Sun Tzu - The Art of War,58703,0.1436,0.5377,4.2582,92.5129,65.3662,0.6287,0.5355,0.3580,0.1440,0.1433,0.0815,1.3488,0.0104,23.0397,0.4029,157,1889,0.8785,0.1805
38,1,Martin Luther - Concerning Christian Liberty,26257,0.1014,0.5408,4.5009,64.7035,62.8924,0.7259,0.3115,0.3998,0.0376,0.1384,0.0637,1.2258,0.0079,28.2933,0.2853,151,757,0.7825,0.2325
137,4,Dante - Divine Comedy,161749,0.1904,0.5424,3.8455,150.1777,72.1661,0.4634,1.0000,0.2430,0.2115,0.1666,0.0822,1.4532,0.0120,30.4439,0.6627,227,3656,0.7945,0.0801
46,2,George Berkeley - Three Dialogues Between Hylas and Philonous,49447,0.1045,0.5457,4.5154,76.3904,67.9937,0.7317,0.4056,0.3136,0.0657,0.1323,0.0701,1.2558,0.0075,14.4697,0.1944,132,2721,1.0940,0.0316
69,2,Wharton - The House of Mirth,175495,0.1206,0.5492,4.2781,96.8589,65.6651,0.6367,0.5705,0.3529,0.1263,0.1147,0.0794,1.3273,0.0092,23.3814,0.5565,172,5653,0.7126,0.2611
145,4,Homer - The Iliad,247144,0.2166,0.5500,3.9969,134.8894,70.2729,0.5240,0.8769,0.2750,0.2414,0.1886,0.1002,1.4533,0.0138,25.3588,0.9615,219,6706,0.8325,0.2264
81,2,Henry David Thoreau - Civil Disobedience Walden,152399,0.1311,0.5505,4.2891,88.3615,61.8348,0.6410,0.5021,0.4177,0.0927,0.1605,0.0754,1.2846,0.0085,29.0480,0.3991,340,4084,0.8424,0.1469
164,4,Beowulf (Old English),60580,0.2835,0.5523,4.2915,103.2008,68.5874,0.6420,0.6216,0.3035,0.3307,0.2267,0.0931,1.6074,0.0188,26.4168,0.5642,200,1425,0.9942,0.3621
33,1,Jean Anthelme Brillat-Savarin - The Physiology of Taste,94486,0.0995,0.5565,4.3038,90.2563,62.0028,0.6469,0.5173,0.4148,0.1368,0.0326,0.0831,1.3323,0.0110,18.9154,0.1323,104,3749,0.6990,0.0400
54,2,Jean-Henri Fabre - The Life of the Spider,93525,0.1102,0.5578,4.2514,100.3786,64.0299,0.6260,0.5989,0.3806,0.1559,0.0000,0.0918,1.3425,0.0101,19.5457,0.2228,88,3564,0.5660,0.0152
,,Daniel Defoe - Robinson Crusoe,,,0.5607,4.2556,68.5682,48.3961,0.6276,0.3426,0.6448,,,,,,,,,,,
32,1,Margaret Fuller - Woman in the Nineteenth Century,144065,0.0975,0.5611,4.3217,93.9638,63.5230,0.6541,0.5472,0.3891,0.0968,0.0982,0.0718,1.3002,0.0083,25.1933,0.3072,170,4398,0.7655,0.0305
18,1,George Sand - Indiana,126276,0.0866,0.5639,4.4344,82.7323,62.8577,0.6993,0.4567,0.4004,0.0756,0.0963,0.0753,1.2595,0.0068,26.7563,0.4233,271,3747,0.7100,0.0096
94,3,Boethius - The Consolation of Philosophy,57876,0.1414,0.5657,4.4657,87.8489,66.3571,0.7118,0.4979,0.3412,0.1099,0.1670,0.0755,1.3117,0.0086,24.5128,0.3194,439,1800,0.9942,0.0533
43,1,George Eliot - Middlemarch,415760,0.1029,0.5681,4.3333,105.7366,68.0329,0.6588,0.6420,0.3129,0.0934,0.1116,0.0690,1.3031,0.0074,21.9246,0.3655,169,14550,0.8007,0.1863
88,2,W.E.B. Du Bois - The Souls of Black Folk,95370,0.1345,0.5704,4.3825,78.5920,56.8989,0.6785,0.4234,0.5011,0.1473,0.1205,0.0886,1.3351,0.0112,26.8325,0.5413,186,2662,0.6862,0.2280
5,1,Murasaki Shikibu - The Tale of Genji,124344,0.0689,0.5707,4.4017,100.6290,68.2362,0.6862,0.6009,0.3095,0.0570,0.0790,0.0682,1.2452,0.0085,24.6196,0.1990,165,4056,0.7274,0.0663
132,3,Henri Bergson - Creative Evolution,195290,0.1848,0.5739,4.3255,59.2733,44.1580,0.6556,0.2678,0.7165,0.1623,0.2048,0.0816,1.3751,0.0123,29.4191,0.2341,653,4827,1.0484,0.0717
116,3,Edwin Abbott - Flatland,48245,0.1699,0.5743,4.3729,77.5910,55.0384,0.6746,0.4153,0.5326,0.1295,0.2024,0.0821,1.3254,0.0096,27.0826,0.5104,228,1344,0.9327,0.3110
56,2,Kakuzō Okakura - The Book of Tea,27679,0.1107,0.5757,4.4617,72.7301,56.5909,0.7102,0.3761,0.5063,0.1553,0.0202,0.0952,1.3258,0.0150,20.6489,0.0801,142,1011,0.6265,0.0831
65,2,William James - Principles of Psychology Vol. 1,374219,0.1174,0.5757,4.4219,75.0572,55.8078,0.6943,0.3949,0.5196,0.1271,0.1068,0.0773,1.3321,0.0103,22.9327,0.2075,171,12248,0.8219,0.1403
11,1,Franz Kafka - Metamorphosis,30090,0.0827,0.5795,4.5676,80.8129,64.5763,0.7526,0.4413,0.3713,0.0208,0.1151,0.0614,1.2079,0.0057,27.9562,0.3120,141,891,0.7369,0.1358
114,3,Mary Somerville - On the Connexion of the Physical Sciences,288574,0.1661,0.5815,4.4693,53.3242,46.3298,0.7132,0.2198,0.6798,0.1506,0.1803,0.0949,1.3228,0.0124,27.3724,0.6211,335,7970,0.8704,0.1807
173,4,Miguel de Cervantes - Don Quixote,523289,0.3407,0.5829,4.2233,84.2408,49.0745,0.6147,0.4689,0.6334,0.0714,0.4766,0.0674,1.2724,0.0071,68.2266,1.1125,646,6028,0.9873,0.2546
107,3,Gilbert White - The Natural History of Selborne,116788,0.1550,0.5845,4.2237,102.2013,57.2702,0.6149,0.6135,0.4948,0.1537,0.1562,0.0858,1.3526,0.0112,29.4713,0.6725,153,2928,0.7611,0.1202
148,4,Friedrich Nietzsche - On the Genealogy of Morality,80825,0.2280,0.5873,4.3374,66.1224,44.8182,0.6604,0.3229,0.7053,0.1687,0.2747,0.0793,1.3917,0.0119,36.4934,0.5343,245,1591,0.9653,0.4186
134,4,Aristotle - Nicomachean Ethics,134485,0.1879,0.5875,4.4947,61.2542,49.9040,0.7234,0.2837,0.6194,0.0581,0.2592,0.0668,1.2501,0.0086,38.6336,0.9310,211,2784,0.8157,0.3035
13,1,Margaret Fuller - Summer on the Lakes,90603,0.0828,0.5879,4.4143,98.5385,63.7517,0.6912,0.5840,0.3853,0.0912,0.0735,0.0740,1.2862,0.0079,24.5172,0.2255,171,2873,0.7148,0.0348
1,1,Oliver Wendell Holmes Jr. - The Common Law,140438,0.0551,0.5895,4.5499,66.7510,54.6591,0.7455,0.3280,0.5390,0.0472,0.0620,0.0704,1.2244,0.0082,27.8872,0.0912,177,4113,0.6473,0.0467
73,2,Jane Austen - Persuasion,107947,0.1224,0.5922,4.4757,93.1460,63.0873,0.7158,0.5406,0.3965,0.0574,0.1634,0.0665,1.2525,0.0067,26.3321,0.4879,251,3273,0.8940,0.0962
16,1,Jane Austen - Pride and Prejudice,159804,0.0843,0.5954,4.4598,101.3377,65.4672,0.7094,0.6066,0.3563,0.0661,0.0991,0.0638,1.2752,0.0056,21.2578,0.3294,145,5895,0.8382,0.0119
87,2,Benjamin Franklin - The Autobiography of Benjamin Franklin,90153,0.1345,0.5964,4.3406,90.8006,54.5710,0.6617,0.5217,0.5405,0.1031,0.1598,0.0726,1.3070,0.0092,30.7380,0.4069,274,2244,0.8341,0.0704
57,2,William James - Principles of Psychology Vol. 2,370119,0.1122,0.5981,4.4712,79.7483,55.0876,0.7140,0.4327,0.5317,0.1172,0.1070,0.0785,1.3130,0.0106,23.3836,0.1973,228,12054,0.8194,0.1341
139,4,Virgil - Aeneid,163750,0.1997,0.5982,4.3614,125.9922,71.8945,0.6700,0.8052,0.2476,0.2500,0.1312,0.0940,1.4851,0.0123,26.5559,0.9424,227,4152,0.6734,0.0867
150,4,Friedrich Nietzsche - The Gay Science,119966,0.2328,0.5995,4.5942,72.8007,57.2693,0.7633,0.3767,0.4949,0.1470,0.2946,0.0731,1.3758,0.0096,28.0373,1.0241,258,3110,0.9727,0.6698
79,2,Henri Poincaré - Science and Hypothesis,254748,0.1283,0.6008,4.5625,61.8302,50.2372,0.7506,0.2883,0.6137,0.0940,0.1553,0.0776,1.2773,0.0110,25.3008,0.3610,1500,7883,0.9254,0.0709
171,4,Robert Boyle - The Sceptical Chymist,131492,0.3238,0.6052,4.0016,82.7366,32.5802,0.5259,0.4568,0.9122,0.2266,0.3980,0.0932,1.4398,0.0187,53.9120,0.8034,445,1694,0.9226,0.6523
29,1,Wassily Kandinsky - Concerning the Spiritual in Art,32655,0.0929,0.6072,4.6033,71.7081,55.3728,0.7669,0.3679,0.5269,0.1202,0.0532,0.0856,1.3005,0.0103,21.4058,0.1645,102,1173,0.6504,0.2353
159,4,Edgar Allan Poe - The Philosophy of Composition,11778,0.2519,0.6121,4.5984,63.6802,50.1403,0.7650,0.3033,0.6154,0.1586,0.3189,0.0876,1.3509,0.0144,32.7707,0.8271,228,266,0.9722,0.8120
147,4,John Locke - Two Treatises of Government,72558,0.2277,0.6131,4.5537,69.8934,50.7602,0.7470,0.3533,0.6049,0.0396,0.3196,0.0647,1.2265,0.0080,33.0856,0.5570,273,1788,1.2702,0.1107
41,1,Charles Darwin - The Voyage of the Beagle (1839),275213,0.1023,0.6135,4.3597,103.0741,57.2782,0.6693,0.6206,0.4947,0.1288,0.0657,0.0827,1.3220,0.0099,24.5864,0.3197,222,8467,0.6439,0.0954
153,4,Friedrich Nietzsche - Beyond Good and Evil,92236,0.2375,0.6164,4.3365,77.7054,43.3895,0.6600,0.4162,0.7295,0.1892,0.2775,0.0845,1.4108,0.0125,33.3887,0.4571,439,1958,1.1209,0.2002
90,3,William James - The Varieties of Religious Experience,241050,0.1350,0.6181,4.5303,85.5089,55.9146,0.7377,0.4791,0.5178,0.1278,0.1419,0.0782,1.3297,0.0112,24.6305,0.3287,296,7359,0.8533,0.2140
2,1,Mary Shelley - Frankenstein,95310,0.0616,0.6217,4.5915,88.3880,59.3135,0.7622,0.5023,0.4603,0.0568,0.0661,0.0771,1.2237,0.0076,23.9935,0.3552,157,3246,0.6591,0.0585
142,4,Edward Gibbon - The Decline and Fall of the Roman Empire (selections),2225115,0.2127,0.6259,4.6863,69.7068,53.9177,0.8002,0.3518,0.5515,0.2131,0.2122,0.1028,1.4013,0.0139,17.8244,0.3613,193,89086,1.1147,0.4599
91,3,Goethe - Theory of Colours,126839,0.1362,0.6260,4.5567,79.1602,52.2576,0.7483,0.4279,0.5796,0.1357,0.1367,0.0843,1.3280,0.0107,20.0483,0.2259,152,4764,0.9709,0.1272
152,4,Herodotus - Histories (selections),48441,0.2348,0.6267,4.4633,62.1078,39.5490,0.7108,0.2906,0.7944,0.0376,0.3299,0.0677,1.2164,0.0076,56.4865,0.9816,290,705,0.7443,0.2440
92,3,Walter Pater - The Renaissance,81706,0.1371,0.6292,4.4264,77.5559,44.5731,0.6961,0.4150,0.7095,0.1347,0.1395,0.0855,1.3227,0.0112,34.8185,0.3782,216,1774,0.7148,0.0338
117,3,John Calvin - Institutes of the Christian Religion,392914,0.1700,0.6324,4.5440,75.1874,48.2530,0.7431,0.3959,0.6473,0.0799,0.2267,0.0749,1.2658,0.0080,36.6081,0.5711,369,8479,0.7509,0.5518
162,4,Michel de Montaigne - Essays,663776,0.2675,0.6327,4.3862,96.0336,50.6244,0.6800,0.5639,0.6072,0.1022,0.3642,0.0727,1.3055,0.0092,45.0474,0.9803,1966,11285,1.1134,0.0782
169,4,William Harvey - On the Motion of the Heart and Blood,93165,0.3137,0.6359,4.4572,60.4586,36.2873,0.7084,0.2773,0.8495,0.1167,0.4281,0.0845,1.2900,0.0153,48.6016,0.6265,1265,1486,1.3337,0.1292
75,2,Niccolò Machiavelli - The Prince,60914,0.1253,0.6384,4.5210,75.4155,45.8521,0.7339,0.3978,0.6879,0.0757,0.1603,0.0756,1.2560,0.0088,38.1187,0.4686,200,1272,0.6866,0.0833
,,Paulo Freire - Pedagogy of the Oppressed,,,0.6414,4.4908,63.9737,38.2617,0.7218,0.3056,0.8162,,,,,,,,,,,
129,3,Thomas De Quincey - Confessions of an English Opium-Eater,46792,0.1836,0.6428,4.4156,90.3585,46.9228,0.6917,0.5181,0.6698,0.0913,0.2431,0.0765,1.2777,0.0097,36.7671,0.7882,264,996,0.7553,0.5301
68,2,Thomas Paine - Common Sense,31026,0.1199,0.6453,4.6526,77.6831,51.5357,0.7867,0.4160,0.5918,0.0742,0.1524,0.0781,1.2458,0.0100,29.8585,0.3849,247,834,0.8076,0.1391
123,3,Jonathan Swift - Gulliver's Travels,135249,0.1760,0.6495,4.4396,97.2756,49.7702,0.7013,0.5739,0.6216,0.0620,0.2411,0.0693,1.2533,0.0064,39.0271,0.6843,412,2765,0.8734,0.1154
10,1,Sigmund Freud - The Interpretation of Dreams,200193,0.0818,0.6714,4.7299,76.5680,48.4872,0.8176,0.4071,0.6433,0.0898,0.0730,0.0828,1.2565,0.0115,25.4289,0.1703,640,6265,0.7075,0.0455
102,3,John Milton - Areopagitica,26578,0.1497,0.6732,4.5232,93.8011,46.4826,0.7348,0.5459,0.6772,0.1019,0.1855,0.0844,1.2711,0.0122,39.3008,0.5019,162,532,0.7400,0.0865
72,2,Karl Marx & Friedrich Engels - The Communist Manifesto,18903,0.1222,0.6766,4.8176,53.7580,40.5527,0.8528,0.2233,0.7774,0.1581,0.0697,0.0983,1.3193,0.0172,24.0386,0.1678,102,596,0.7004,0.1091
31,1,Jean-Jacques Rousseau - The Social Contract,132530,0.0970,0.6875,4.7551,74.9816,45.1279,0.8277,0.3943,0.7001,0.0406,0.1311,0.0728,1.2065,0.0089,34.3588,0.4911,239,3197,0.6700,0.0244
61,2,Thucydides - History of the Peloponnesian War,258879,0.1164,0.6879,4.6175,76.2440,39.1141,0.7726,0.4045,0.8017,0.0830,0.1421,0.0819,1.2479,0.0116,39.8265,0.4801,217,5209,0.5938,0.0837
163,4,John Milton - Paradise Lost,113575,0.2811,0.6909,4.1846,141.0722,48.7761,0.5992,0.9267,0.6384,0.1851,0.3518,0.0957,1.3738,0.0142,42.8564,1.6781,308,1929,0.9124,0.1493
58,2,Carl von Clausewitz - On War,349238,0.1129,0.7004,4.7865,71.7118,41.9931,0.8403,0.3679,0.7531,0.0272,0.1573,0.0687,1.1989,0.0064,36.3992,0.3767,272,8003,0.6999,0.1731
14,1,Henri Bergson - Time and Free Will,78681,0.0831,0.7006,4.8213,70.7772,43.1474,0.8542,0.3604,0.7336,0.0561,0.1033,0.0757,1.2201,0.0117,34.0063,0.4008,221,1896,0.5923,0.0675
77,2,Charles Darwin - On the Origin of Species (1859),199050,0.1262,0.7008,4.7364,77.7550,42.4027,0.8202,0.4166,0.7462,0.0974,0.1495,0.0845,1.2671,0.0100,29.9455,0.4640,214,5246,0.7774,0.1365
109,3,Lucretius - On the Nature of Things,103305,0.1556,0.7070,4.6913,108.8618,53.6255,0.8022,0.6672,0.5565,0.1445,0.1661,0.0831,1.3464,0.0098,40.1061,0.4767,250,1913,0.6623,0.1035
50,2,Alexis de Tocqueville - Democracy in America (selections),231228,0.1064,0.7118,4.8691,63.2198,39.1674,0.8734,0.2995,0.8008,0.0685,0.1339,0.0860,1.2160,0.0104,32.7980,0.5770,276,5797,0.6439,0.1484
49,2,David Hume - An Enquiry Concerning Human Understanding,74879,0.1059,0.7257,4.8687,80.9015,44.2830,0.8732,0.4420,0.7144,0.0566,0.1386,0.0723,1.2368,0.0067,27.7452,0.4569,270,2182,0.7963,0.0926
103,3,Immanuel Kant - The Fundamental Principles of the Metaphysic of Morals,39639,0.1523,0.7264,4.9181,65.6472,39.1807,0.8930,0.3191,0.8006,0.0122,0.2150,0.0664,1.1765,0.0092,42.0100,0.3766,220,802,0.7227,0.3828
17,1,David Hume - Dialogues Concerning Natural Religion,48614,0.0846,0.7265,4.7692,89.3706,43.4116,0.8334,0.5102,0.7291,0.0742,0.0938,0.0775,1.2511,0.0073,28.5640,0.4882,156,1360,0.6338,0.0691
7,1,Adam Smith - The Wealth of Nations (selections),467165,0.0796,0.7394,5.1852,55.4204,43.9003,1.0000,0.2367,0.7208,0.0511,0.1002,0.0750,1.2181,0.0088,31.8635,0.2532,874,12036,0.6718,0.0223
45,2,John Stuart Mill - On Liberty,61943,0.1036,0.7405,4.8356,76.3091,37.0189,0.8599,0.4050,0.8372,0.0556,0.1356,0.0757,1.2224,0.0096,36.7721,0.4419,184,1378,0.6266,0.1089
42,1,Mary Wollstonecraft - A Vindication of the Rights of Woman,109478,0.1028,0.7459,4.6988,106.3257,43.5545,0.8052,0.6468,0.7267,0.0812,0.1207,0.0808,1.2515,0.0092,34.3186,0.4971,209,2549,0.6244,0.0553
76,2,Immanuel Kant - Critique of Pure Reason (selections),256321,0.1255,0.7652,5.0033,58.0610,30.4354,0.9271,0.2580,0.9484,0.0453,0.1715,0.0723,1.2160,0.0085,35.4393,0.5113,232,5948,0.6175,0.5109
156,4,René Descartes - Meditations on First Philosophy,30048,0.2430,0.7848,4.8855,73.1269,27.3857,0.8800,0.3793,1.0000,0.0000,0.3436,0.0655,1.1590,0.0093,63.3863,0.6430,288,409,0.7663,0.2054
